{"cameraMode":{"drawMode":0,"name":"Shaded","section":"Shading Mode"},"sceneLighting":true,"audioPlay":false,"sceneViewState":{"showFog":true,"showMaterialUpdate":false,"showSkybox":true,"showFlares":true,"showImageEffects":true,"showParticleSystems":true},"in2DMode":false,"pivot":{"x":-46.80247116088867,"y":3.3994803428649904,"z":70.04000854492188},"rotation":{"x":-0.5279466509819031,"y":-0.43387728929519656,"z":0.36094632744789126,"w":-0.6346184611320496},"size":7.706954479217529,"orthographic":false}