{"cameraMode":{"drawMode":0,"name":"Shaded","section":"Shading Mode"},"sceneLighting":true,"audioPlay":false,"sceneViewState":{"showFog":true,"showMaterialUpdate":false,"showSkybox":true,"showFlares":true,"showImageEffects":true,"showParticleSystems":true},"in2DMode":false,"pivot":{"x":-3.7610015869140627,"y":22058.537109375,"z":7340.75},"rotation":{"x":0.0790887102484703,"y":0.7396002411842346,"z":-0.08828986436128617,"w":0.6625266075134277},"size":1.2124983072280884,"orthographic":false}