{"cameraMode":{"drawMode":0,"name":"Shaded","section":"Shading Mode"},"sceneLighting":true,"audioPlay":false,"sceneViewState":{"showFog":true,"showMaterialUpdate":false,"showSkybox":true,"showFlares":true,"showImageEffects":true,"showParticleSystems":true},"in2DMode":false,"pivot":{"x":-62.06381607055664,"y":4.353482246398926,"z":38.393272399902347},"rotation":{"x":0.029771819710731508,"y":0.9508647322654724,"z":-0.09675180912017822,"w":0.29259026050567629},"size":7.012450695037842,"orthographic":false}